review,sentiment
"Reliable, efficient, and looks good too!",1
Completely useless and overpriced.,0
Exceeded my expectations in every way.,1
Quality is poor. Waste of money.,0
Amazing performance and excellent support.,1
Absolutely love it. Will buy again.,1
This product is fantastic! Highly recommend it.,1
Not what I expected. Would not buy again.,0
Happy with the purchase. Would suggest to friends.,1
Quality is poor. Waste of money.,0
Too expensive for what it offers.,0
Shipping was delayed and product was damaged.,0
Customer support was not helpful at all.,0
Shipping was delayed and product was damaged.,0
This product is fantastic! Highly recommend it.,1
Absolutely love it. Will buy again.,1
Quality is poor. Waste of money.,0
Customer support was not helpful at all.,0
Great quality and fast delivery.,1
Terrible experience. Not recommended.,0
Happy with the purchase. Would suggest to friends.,1
Too expensive for what it offers.,0
Amazing performance and excellent support.,1
Very useful and well made. Five stars!,1
Amazing performance and excellent support.,1
Not what I expected. Would not buy again.,0
Amazing performance and excellent support.,1
Defective item received. Sent it back.,0
Customer support was not helpful at all.,0
Quality is poor. Waste of money.,0
Quality is poor. Waste of money.,0
Exceeded my expectations in every way.,1
Exceeded my expectations in every way.,1
Very useful and well made. Five stars!,1
This product is fantastic! Highly recommend it.,1
Too expensive for what it offers.,0
Completely useless and overpriced.,0
Not what I expected. Would not buy again.,0
Doesn't work as advertised.,0
This product is fantastic! Highly recommend it.,1
Amazing performance and excellent support.,1
Defective item received. Sent it back.,0
"Reliable, efficient, and looks good too!",1
Perfect fit and great value.,1
Defective item received. Sent it back.,0
"Reliable, efficient, and looks good too!",1
Quality is poor. Waste of money.,0
Very useful and well made. Five stars!,1
Customer support was not helpful at all.,0
Quality is poor. Waste of money.,0
Great quality and fast delivery.,1
Terrible experience. Not recommended.,0
"Reliable, efficient, and looks good too!",1
"Reliable, efficient, and looks good too!",1
Absolutely love it. Will buy again.,1
Happy with the purchase. Would suggest to friends.,1
"Reliable, efficient, and looks good too!",1
Doesn't work as advertised.,0
Exceeded my expectations in every way.,1
"Reliable, efficient, and looks good too!",1
Completely useless and overpriced.,0
Too expensive for what it offers.,0
Amazing performance and excellent support.,1
Defective item received. Sent it back.,0
Terrible experience. Not recommended.,0
Shipping was delayed and product was damaged.,0
Exceeded my expectations in every way.,1
Defective item received. Sent it back.,0
Completely useless and overpriced.,0
This product is fantastic! Highly recommend it.,1
Happy with the purchase. Would suggest to friends.,1
Product broke after one use. Very disappointed.,0
Top-notch product. Worth every penny.,1
This product is fantastic! Highly recommend it.,1
Great quality and fast delivery.,1
This product is fantastic! Highly recommend it.,1
Product broke after one use. Very disappointed.,0
Top-notch product. Worth every penny.,1
Happy with the purchase. Would suggest to friends.,1
Doesn't work as advertised.,0
"Reliable, efficient, and looks good too!",1
Amazing performance and excellent support.,1
Top-notch product. Worth every penny.,1
Not what I expected. Would not buy again.,0
Doesn't work as advertised.,0
Happy with the purchase. Would suggest to friends.,1
Very useful and well made. Five stars!,1
Doesn't work as advertised.,0
Great quality and fast delivery.,1
Product broke after one use. Very disappointed.,0
Completely useless and overpriced.,0
Perfect fit and great value.,1
Product broke after one use. Very disappointed.,0
Shipping was delayed and product was damaged.,0
Quality is poor. Waste of money.,0
Completely useless and overpriced.,0
Happy with the purchase. Would suggest to friends.,1
Too expensive for what it offers.,0
This product is fantastic! Highly recommend it.,1
Defective item received. Sent it back.,0
Completely useless and overpriced.,0
Customer support was not helpful at all.,0
Product broke after one use. Very disappointed.,0
This product is fantastic! Highly recommend it.,1
Perfect fit and great value.,1
Terrible experience. Not recommended.,0
Not what I expected. Would not buy again.,0
Shipping was delayed and product was damaged.,0
Very useful and well made. Five stars!,1
Not what I expected. Would not buy again.,0
Amazing performance and excellent support.,1
Perfect fit and great value.,1
Absolutely love it. Will buy again.,1
Shipping was delayed and product was damaged.,0
Product broke after one use. Very disappointed.,0
Absolutely love it. Will buy again.,1
Exceeded my expectations in every way.,1
Quality is poor. Waste of money.,0
"Reliable, efficient, and looks good too!",1
"Reliable, efficient, and looks good too!",1
This product is fantastic! Highly recommend it.,1
Product broke after one use. Very disappointed.,0
Terrible experience. Not recommended.,0
"Reliable, efficient, and looks good too!",1
Shipping was delayed and product was damaged.,0
Terrible experience. Not recommended.,0
Product broke after one use. Very disappointed.,0
Very useful and well made. Five stars!,1
Exceeded my expectations in every way.,1
Doesn't work as advertised.,0
This product is fantastic! Highly recommend it.,1
Exceeded my expectations in every way.,1
Perfect fit and great value.,1
Doesn't work as advertised.,0
Perfect fit and great value.,1
"Reliable, efficient, and looks good too!",1
Absolutely love it. Will buy again.,1
Happy with the purchase. Would suggest to friends.,1
Completely useless and overpriced.,0
Not what I expected. Would not buy again.,0
Quality is poor. Waste of money.,0
Very useful and well made. Five stars!,1
Absolutely love it. Will buy again.,1
Terrible experience. Not recommended.,0
Customer support was not helpful at all.,0
Doesn't work as advertised.,0
Not what I expected. Would not buy again.,0
Customer support was not helpful at all.,0
Too expensive for what it offers.,0
Doesn't work as advertised.,0
Quality is poor. Waste of money.,0
Not what I expected. Would not buy again.,0
Amazing performance and excellent support.,1
"Reliable, efficient, and looks good too!",1
Terrible experience. Not recommended.,0
Top-notch product. Worth every penny.,1
Defective item received. Sent it back.,0
Too expensive for what it offers.,0
Happy with the purchase. Would suggest to friends.,1
This product is fantastic! Highly recommend it.,1
"Reliable, efficient, and looks good too!",1
Amazing performance and excellent support.,1
Happy with the purchase. Would suggest to friends.,1
Doesn't work as advertised.,0
Customer support was not helpful at all.,0
Amazing performance and excellent support.,1
This product is fantastic! Highly recommend it.,1
Not what I expected. Would not buy again.,0
Absolutely love it. Will buy again.,1
Doesn't work as advertised.,0
Very useful and well made. Five stars!,1
Terrible experience. Not recommended.,0
Perfect fit and great value.,1
Product broke after one use. Very disappointed.,0
Perfect fit and great value.,1
Happy with the purchase. Would suggest to friends.,1
Perfect fit and great value.,1
Customer support was not helpful at all.,0
This product is fantastic! Highly recommend it.,1
Absolutely love it. Will buy again.,1
Amazing performance and excellent support.,1
Happy with the purchase. Would suggest to friends.,1
Completely useless and overpriced.,0
Completely useless and overpriced.,0
Not what I expected. Would not buy again.,0
Shipping was delayed and product was damaged.,0
Perfect fit and great value.,1
Completely useless and overpriced.,0
Top-notch product. Worth every penny.,1
Very useful and well made. Five stars!,1
Doesn't work as advertised.,0
Completely useless and overpriced.,0
Top-notch product. Worth every penny.,1
"Reliable, efficient, and looks good too!",1
Top-notch product. Worth every penny.,1
Customer support was not helpful at all.,0
Doesn't work as advertised.,0
Customer support was not helpful at all.,0
Top-notch product. Worth every penny.,1
Amazing performance and excellent support.,1
"Reliable, efficient, and looks good too!",1
Absolutely love it. Will buy again.,1
Great quality and fast delivery.,1
Completely useless and overpriced.,0
Completely useless and overpriced.,0
Doesn't work as advertised.,0
Amazing performance and excellent support.,1
Top-notch product. Worth every penny.,1
Happy with the purchase. Would suggest to friends.,1
"Reliable, efficient, and looks good too!",1
Product broke after one use. Very disappointed.,0
Not what I expected. Would not buy again.,0
Not what I expected. Would not buy again.,0
Shipping was delayed and product was damaged.,0
Great quality and fast delivery.,1
Customer support was not helpful at all.,0
Defective item received. Sent it back.,0
"Reliable, efficient, and looks good too!",1
This product is fantastic! Highly recommend it.,1
Quality is poor. Waste of money.,0
Happy with the purchase. Would suggest to friends.,1
Shipping was delayed and product was damaged.,0
Not what I expected. Would not buy again.,0
Too expensive for what it offers.,0
Not what I expected. Would not buy again.,0
Absolutely love it. Will buy again.,1
Happy with the purchase. Would suggest to friends.,1
Defective item received. Sent it back.,0
Quality is poor. Waste of money.,0
Great quality and fast delivery.,1
Top-notch product. Worth every penny.,1
Defective item received. Sent it back.,0
Happy with the purchase. Would suggest to friends.,1
Very useful and well made. Five stars!,1
Quality is poor. Waste of money.,0
Absolutely love it. Will buy again.,1
Terrible experience. Not recommended.,0
Very useful and well made. Five stars!,1
"Reliable, efficient, and looks good too!",1
Too expensive for what it offers.,0
Absolutely love it. Will buy again.,1
Defective item received. Sent it back.,0
Product broke after one use. Very disappointed.,0
Quality is poor. Waste of money.,0
Perfect fit and great value.,1
"Reliable, efficient, and looks good too!",1
This product is fantastic! Highly recommend it.,1
This product is fantastic! Highly recommend it.,1
Top-notch product. Worth every penny.,1
Product broke after one use. Very disappointed.,0
Absolutely love it. Will buy again.,1
Customer support was not helpful at all.,0
Customer support was not helpful at all.,0
Terrible experience. Not recommended.,0
Amazing performance and excellent support.,1
Very useful and well made. Five stars!,1
Not what I expected. Would not buy again.,0
"Reliable, efficient, and looks good too!",1
Perfect fit and great value.,1
Not what I expected. Would not buy again.,0
Customer support was not helpful at all.,0
Happy with the purchase. Would suggest to friends.,1
Absolutely love it. Will buy again.,1
Quality is poor. Waste of money.,0
Defective item received. Sent it back.,0
Amazing performance and excellent support.,1
Completely useless and overpriced.,0
Happy with the purchase. Would suggest to friends.,1
Not what I expected. Would not buy again.,0
Absolutely love it. Will buy again.,1
Shipping was delayed and product was damaged.,0
Too expensive for what it offers.,0
Great quality and fast delivery.,1
Customer support was not helpful at all.,0
Not what I expected. Would not buy again.,0
Absolutely love it. Will buy again.,1
Completely useless and overpriced.,0
Not what I expected. Would not buy again.,0
Customer support was not helpful at all.,0
Completely useless and overpriced.,0
Completely useless and overpriced.,0
Shipping was delayed and product was damaged.,0
Terrible experience. Not recommended.,0
Doesn't work as advertised.,0
Top-notch product. Worth every penny.,1
Too expensive for what it offers.,0
Perfect fit and great value.,1
Shipping was delayed and product was damaged.,0
Very useful and well made. Five stars!,1
Exceeded my expectations in every way.,1
Not what I expected. Would not buy again.,0
Quality is poor. Waste of money.,0
Quality is poor. Waste of money.,0
This product is fantastic! Highly recommend it.,1
"Reliable, efficient, and looks good too!",1
Absolutely love it. Will buy again.,1
Amazing performance and excellent support.,1
Absolutely love it. Will buy again.,1
Terrible experience. Not recommended.,0
This product is fantastic! Highly recommend it.,1
